Timestamp,Question,Answer,Context
2025-02-28 17:29:05,What does a Product Manager do?,"I do not have the details of a Product Manager from the retrieved job profiles. However, I can provide information on similar roles such as E-commerce Manager, Operations Manager, and Retail Operations Manager. Would you like to know more about any of these roles?
","Role: Ecommerce Manager
Description: An Ecommerce Manager in the retail sector handles online sales and marketing. They manage the company's website and online store. They work to increase sales and improve customer experience. They also analyze data to make business decisions. They often work with other teams like marketing and IT.
Day in Life: A typical day for an Ecommerce Manager starts with checking sales reports and website analytics. They might have meetings with the marketing team to plan promotions. They update the website with new products or content. They respond to customer inquiries and resolve any issues. They also analyze data to see what is working and what needs improvement.
Skills: Logical Reasoning and Analytical Skills, Verbal Ability and Communication Skills, Numerical Aptitude, Creative Thinking and Innovation, Spatial Awareness, Interpersonal Skills, Technical Proficiency, Organizational Skills, Entrepreneurial Skills, Physical and Manual Skills
Education: Most students get a degree in Business Administration, Marketing, or E-commerce. Some also study Information Technology or Computer Science., Additional training in digital marketing, data analytics, and SEO is helpful. In large cities, specialized courses in e-commerce management are available. In medium and small cities, online courses are a good option. In towns and villages, students might need to rely more on online resources., Internships in e-commerce companies or retail businesses are common. Experience in customer service or sales is also useful. In large cities, students might get more opportunities for internships. In smaller places, part-time jobs in local businesses can provide relevant experience.
Employers: Flipkart, Amazon India, Myntra, Snapdeal, Tata Cliq

Role: Operations Manager
Description: An Operations Manager in retail store operations oversees the daily activities of the store. They ensure the store runs smoothly and efficiently. They manage staff, inventory, and customer service. They also handle budgeting and sales targets. Their goal is to improve store performance.
Day in Life: A typical day starts with a team meeting to discuss goals and tasks. The Operations Manager checks inventory levels and orders new stock if needed. They monitor sales and customer service, addressing any issues that arise. They also review financial reports and work on strategies to increase sales. Throughout the day, they interact with staff and customers to ensure a positive shopping experience.
Skills: Logical Reasoning and Analytical Skills, Verbal Ability and Communication Skills, Numerical Aptitude, Creative Thinking and Innovation, Spatial Awareness, Interpersonal Skills, Technical Proficiency, Organizational Skills, Entrepreneurial Skills, Physical and Manual Skills
Education: Students typically acquire degrees in Business Administration, Retail Management, or related fields., Additional training in customer service, inventory management, and sales techniques is helpful. In large cities, specialized retail management courses are available. In medium and small cities, online courses can be a good option. In towns and villages, practical experience is often more common., Experience in retail sales or as a store supervisor is beneficial. In large cities, internships in retail companies are common. In medium and small cities, working part-time in retail stores is typical. In towns and villages, family-run business experience is often valued.
Employers: Reliance Retail, Future Group, Aditya Birla Retail, Tata Trent, Shoppers Stop

Role: Retail Operations Manager
Description: A Retail Operations Manager oversees the daily operations of retail stores. They ensure that the store runs smoothly and meets sales goals. They manage staff, handle customer issues, and maintain inventory. They also plan and execute sales strategies. This role requires good leadership and problem-solving skills.
Day in Life: A typical day for a Retail Operations Manager starts with a team meeting to discuss the day's goals. They check the store's inventory and ensure that shelves are stocked. They monitor sales and customer service throughout the day. They handle any issues that arise, such as customer complaints or staff problems. They also review sales reports and plan for future promotions.
Skills: Logical Reasoning and Analytical Skills, Verbal Ability and Communication Skills, Numerical Aptitude, Creative Thinking and Innovation, Spatial Awareness, Interpersonal Skills, Technical Proficiency, Organizational Skills, Entrepreneurial Skills, Physical and Manual Skills
Education: Most Retail Operations Managers have a degree in Business Administration, Retail Management, or a related field., Additional training in customer service, sales techniques, and inventory management is helpful. In large cities, specialized retail management courses are available. In medium and small cities, online courses can be a good option. In towns and villages, practical experience in local stores is valuable., Experience in retail sales or as a store supervisor is often required. In large cities, internships at major retail chains are common. In medium and small cities, working in local retail stores is typical. In towns and villages, any retail experience is beneficial.
Employers: Reliance Retail, Future Group, Aditya Birla Retail, Tata Trent, Shoppers Stop"
2025-02-28 17:33:48,tell me about data entry job,"Okay, let's explore the world of data entry jobs! Based on the information I have, here's a breakdown of roles that involve data entry, along with what they entail:

**1. Public Health Data Collector**
   - **Job Role Overview:** Public Health Data Collectors gather health information from communities through surveys, interviews, and health records. This data is crucial for understanding public health trends and supporting health programs.
   - **Required Skills and Qualifications:**
   - A 12th-grade pass is generally preferred, though some places may accept a 10th-grade pass.
   - Basic computer skills and data entry training are essential.
   - Experience in community work or health surveys is a plus.
   - **Day-to-Day Responsibilities:**
   - Planning daily activities to collect health data.
   - Visiting different locations to conduct surveys and interviews.
   - Entering collected data into computer systems.
   - Reviewing data and reporting any issues to supervisors.
   - **Employers Hiring:**
   - National Health Mission (NHM)
   - Public Health Foundation of India (PHFI)
   - Tata Trusts
   - CARE India
   - PATH

**2. Clinical Data Manager**
   - **Job Role Overview:** Clinical Data Managers collect and manage data from clinical trials, ensuring accuracy and completeness. They use software to organize and analyze data, creating reports that aid in the development of new medicines and treatments.
   - **Required Skills and Qualifications:**
   - Typically requires a 12th-grade pass.
   - Certificate or diploma courses in clinical data management or related fields are beneficial.
   - Some experience in data entry or working with databases is helpful.
   - **Day-to-Day Responsibilities:**
   - Checking emails for updates on ongoing clinical trials.
   - Entering new data into the system and verifying its accuracy.
   - Attending meetings with team members to discuss trial progress.
   - Generating reports and analyzing data to identify trends.
   - Ensuring all data is securely stored.
   - **Employers Hiring:**
   - Tata Consultancy Services (TCS)
   - Cognizant
   - Wipro
   - Infosys
   - Accenture

**Additional roles that require data entry skills:**
   - Health Informatics Specialist
   - Health Data Analyst

I hope this helps you get a better understanding of data entry job!
","Role: Clinical Data Manager
Description: A Clinical Data Manager collects and manages data from clinical trials. They ensure the data is accurate and complete. They use software to organize and analyze the data. They also create reports based on the data. Their work helps in the development of new medicines and treatments.
Day in Life: A typical day for a Clinical Data Manager starts with checking emails for updates on ongoing clinical trials. They spend time entering new data into the system and verifying its accuracy. They might have meetings with other team members to discuss the progress of the trials. They also generate reports and analyze data to find trends. At the end of the day, they ensure all data is securely stored.
Skills: Logical Reasoning and Analytical Skills, Verbal Ability and Communication Skills, Numerical Aptitude, Creative Thinking and Innovation, Spatial Awareness, Interpersonal Skills, Technical Proficiency, Organizational Skills, Entrepreneurial Skills, Physical and Manual Skills
Education: Typically, students need to have passed 12th grade. In large cities, students might also have some college education., Students often take certificate or diploma courses in clinical data management or related fields. In large cities, there are more specialized training programs available., Some experience in data entry or working with databases is helpful. In large cities, internships in healthcare or medical research can be beneficial.
Employers: Tata Consultancy Services (TCS), Cognizant, Wipro, Infosys, Accenture

Role: Public Health Data Collector
Description: A Public Health Data Collector gathers health information from the community. They collect data through surveys, interviews, and health records. This data helps in understanding public health trends. They work under the supervision of health professionals. Their work supports health programs and policies.
Day in Life: A typical day for a Public Health Data Collector starts with planning the day's activities. They visit different locations to collect health data from people. This can include conducting surveys or interviews. They also enter the collected data into a computer system. At the end of the day, they review the data and report any issues to their supervisor.
Skills: Logical Reasoning and Analytical Skills, Verbal Ability and Communication Skills, Numerical Aptitude, Creative Thinking and Innovation, Spatial Awareness, Interpersonal Skills, Technical Proficiency, Organizational Skills, Entrepreneurial Skills, Physical and Manual Skills
Education: Typically, a 12th pass is preferred. In large cities, a 10th pass may be acceptable., Basic computer skills and data entry training are helpful. Some may take short courses in public health or data collection., Experience in community work or health surveys is beneficial. In large cities, prior experience in data entry is also valued.
Employers: National Health Mission (NHM), Public Health Foundation of India (PHFI), Tata Trusts, CARE India, PATH

Role: Health Informatics Specialist
Description: A Health Informatics Specialist works with medical data and technology. They help manage and analyze health information. They ensure that patient records are accurate and secure. They also help improve healthcare systems using data. This role combines healthcare and IT skills.
Day in Life: A typical day for a Health Informatics Specialist starts with checking emails and updates on health data systems. They may attend meetings with doctors and IT staff to discuss data needs. They spend time analyzing patient data and creating reports. They also work on improving electronic health record systems. Throughout the day, they ensure data privacy and security are maintained.
Skills: Logical Reasoning and Analytical Skills, Verbal Ability and Communication Skills, Numerical Aptitude, Creative Thinking and Innovation, Spatial Awareness, Interpersonal Skills, Technical Proficiency, Organizational Skills, Entrepreneurial Skills, Physical and Manual Skills
Education: Students typically need a degree in Health Informatics, Information Technology, Computer Science, or a related field., Additional training in healthcare data management, electronic health records, and data security is often required. In large cities, there may be more specialized training programs available., Internships or part-time jobs in healthcare settings or IT departments are beneficial. In large cities, students may have more opportunities for relevant internships.
Employers: Apollo Hospitals, Fortis Healthcare, Max Healthcare, Manipal Hospitals, Narayana Health

Role: Health Data Analyst
Description: A Health Data Analyst collects and analyzes health data. They help improve healthcare services by finding trends and patterns. They work with doctors and other healthcare workers. They use software to manage and interpret data. They also create reports to share their findings.
Day in Life: A typical day for a Health Data Analyst starts with checking emails and planning tasks. They collect data from different sources like hospitals and clinics. They use software to clean and analyze the data. They look for trends and patterns in the data. They create reports and share their findings with doctors and healthcare managers. They may also attend meetings to discuss their reports and suggest improvements.
Skills: Logical Reasoning and Analytical Skills, Verbal Ability and Communication Skills, Numerical Aptitude, Creative Thinking and Innovation, Spatial Awareness, Interpersonal Skills, Technical Proficiency, Organizational Skills, Entrepreneurial Skills, Physical and Manual Skills
Education: Students typically need a degree in Health Informatics, Data Science, Statistics, or a related field., Additional training in data analysis software like SQL, R, or Python is helpful. Certifications in health informatics or data analytics can also be beneficial. In large cities, there are more opportunities for specialized training programs., Internships or part-time jobs in healthcare settings or data analysis roles are valuable. In large cities, students may find more opportunities for internships in hospitals or tech companies. In smaller cities and towns, students might gain experience through local clinics or online projects.
Employers: Apollo Hospitals, Fortis Healthcare, Max Healthcare, Manipal Hospitals, Narayana Health"
